{"accuracy": 0.559001225490196, "_timestamp": 1708349235.4465861, "_runtime": 12.763760089874268, "_step": 0, "_wandb": {"runtime": 11}}