{"accuracy": 0.5824479166666666, "_timestamp": 1708333682.3441658, "_runtime": 103.87583088874817, "_step": 0, "_wandb": {"runtime": 101}}