{"accuracy": 0.7590196078431373, "_timestamp": 1708280288.6542592, "_runtime": 1885.51748919487, "_step": 0, "_wandb": {"runtime": 1884}}