{"accuracy": 0.5964920343137254, "_timestamp": 1708319366.6326604, "_runtime": 96.83328032493591, "_step": 0, "_wandb": {"runtime": 95}}