{"accuracy": 0.579280024509804, "_timestamp": 1708512210.8885305, "_runtime": 12.338517427444458, "_step": 0, "_wandb": {"runtime": 11}}