{"accuracy": 0.559001225490196, "_timestamp": 1708332885.4611368, "_runtime": 9.471173763275146, "_step": 0, "_wandb": {"runtime": 7}}