{"accuracy": 0.7075459558823529, "_timestamp": 1708512868.3129423, "_runtime": 16.845206260681152, "_step": 0, "_wandb": {"runtime": 15}}