{"accuracy": 0.5824479166666666, "_timestamp": 1708334637.462222, "_runtime": 951.6072731018066, "_step": 0, "_wandb": {"runtime": 949}}