{"accuracy": 0.6356341911764706, "_timestamp": 1708514920.1488104, "_runtime": 340.9826464653015, "_step": 0, "_wandb": {"runtime": 337}}