{"accuracy": 0.5871599264705882, "_timestamp": 1708511172.3870003, "_runtime": 7.28307843208313, "_step": 0, "_wandb": {"runtime": 5}}