{"accuracy": 0.5933762254901961, "_timestamp": 1708316449.745354, "_runtime": 28.456087827682495, "_step": 0, "_wandb": {"runtime": 26}}