{"accuracy": 0.5910263480392157, "_timestamp": 1708318048.3275828, "_runtime": 102.00214385986328, "_step": 0, "_wandb": {"runtime": 99}}