{"accuracy": 0.5824479166666666, "_timestamp": 1708333574.8068497, "_runtime": 49.04621481895447, "_step": 0, "_wandb": {"runtime": 47}}