{"accuracy": 0.5840012254901961, "_timestamp": 1708506472.3626, "_runtime": 6.118422985076904, "_step": 0, "_wandb": {"runtime": 4}}