{"accuracy": 0.6484375, "_timestamp": 1708274411.5726407, "_runtime": 29.29852557182312, "_step": 4, "_wandb": {"runtime": 27}}