{"accuracy": 0.6145281862745098, "_timestamp": 1708510843.8251681, "_runtime": 14.717456102371216, "_step": 0, "_wandb": {"runtime": 10}}