{"accuracy": 0.7638449754901961, "_timestamp": 1708533161.2833455, "_runtime": 678.2962574958801, "_step": 0, "_wandb": {"runtime": 676}}