{"accuracy": 0.6833363970588235, "_timestamp": 1708513235.3519053, "_runtime": 38.44862937927246, "_step": 0, "_wandb": {"runtime": 36}}