{"accuracy": 0.6171875, "_timestamp": 1708274312.0170975, "_runtime": 28.092546463012695, "_step": 4, "_wandb": {"runtime": 26}}