{"accuracy": 0.594188112745098, "_timestamp": 1708506495.9267309, "_runtime": 7.555835962295532, "_step": 0, "_wandb": {"runtime": 5}}