{"accuracy": 0.7396017156862745, "_timestamp": 1708355499.8582637, "_runtime": 192.98337364196777, "_step": 0, "_wandb": {"runtime": 191}}