{"accuracy": 0.5933731617647059, "_timestamp": 1708313052.6776571, "_runtime": 22.161033153533936, "_step": 0, "_wandb": {"runtime": 20}}