{"accuracy": 0.6171875, "_timestamp": 1708274047.4693644, "_runtime": 29.043954372406006, "_step": 4, "_wandb": {"runtime": 27}}