{"accuracy": 0.5769607843137254, "_timestamp": 1708512493.6505077, "_runtime": 10.649080753326416, "_step": 0, "_wandb": {"runtime": 9}}