{"accuracy": 0.5542984068627451, "_timestamp": 1708316417.2521808, "_runtime": 26.82535481452942, "_step": 0, "_wandb": {"runtime": 25}}