{"accuracy": 0.7599601715686275, "_timestamp": 1708512918.974207, "_runtime": 12.379326820373535, "_step": 0, "_wandb": {"runtime": 10}}