{"accuracy": 0.5957199754901961, "_timestamp": 1708341852.483821, "_runtime": 99.66929388046265, "_step": 0, "_wandb": {"runtime": 98}}