{"accuracy": 0.5761703431372549, "_timestamp": 1708275801.6330135, "_runtime": 26.31345248222351, "_step": 0, "_wandb": {"runtime": 24}}