{"accuracy": 0.7208670343137256, "_timestamp": 1708513157.356321, "_runtime": 27.9413800239563, "_step": 0, "_wandb": {"runtime": 26}}