{"accuracy": 0.6903308823529412, "_timestamp": 1708516804.3674426, "_runtime": 697.6163976192474, "_step": 0, "_wandb": {"runtime": 696}}