{"accuracy": 0.7638449754901961, "_timestamp": 1708534532.562941, "_runtime": 679.7634110450745, "_step": 0, "_wandb": {"runtime": 678}}