{"accuracy": 0.5550827205882353, "_timestamp": 1708350722.5158312, "_runtime": 27.979644298553467, "_step": 0, "_wandb": {"runtime": 26}}