{"accuracy": 0.5137254901960784, "_timestamp": 1708274865.1137319, "_runtime": 6.162794828414917, "_step": 0}