{"accuracy": 0.7622794117647059, "_timestamp": 1708709810.7637622, "_runtime": 498.85999727249146, "_step": 0, "_wandb": {"runtime": 490}}