{"accuracy": 0.5542892156862745, "_timestamp": 1708696530.8991644, "_runtime": 27.898906469345093, "_step": 0, "_wandb": {"runtime": 24}}