{"accuracy": 0.5855545343137255, "_timestamp": 1708316386.367314, "_runtime": 27.519016981124878, "_step": 0, "_wandb": {"runtime": 25}}