{"accuracy": 0.5918075980392157, "_timestamp": 1708316202.617915, "_runtime": 24.023149013519287, "_step": 0, "_wandb": {"runtime": 21}}