{"accuracy": 0.559001225490196, "_timestamp": 1708314511.5548406, "_runtime": 10.597582578659058, "_step": 0, "_wandb": {"runtime": 9}}