{"accuracy": 0.7372702205882353, "_timestamp": 1708696759.9141564, "_runtime": 12.29320740699768, "_step": 0, "_wandb": {"runtime": 10}}