{"accuracy": 0.7552420343137255, "_timestamp": 1708705235.9410944, "_runtime": 1327.989336490631, "_step": 0, "_wandb": {"runtime": 1322}}