{"accuracy": 0.5933762254901961, "_timestamp": 1708275608.012801, "_runtime": 27.45328998565674, "_step": 0, "_wandb": {"runtime": 25}}