{"accuracy": 0.62890625, "_timestamp": 1708274014.3618417, "_runtime": 23.321701765060425, "_step": 4, "_wandb": {"runtime": 21}}