{"accuracy": 0.5981066176470587, "_timestamp": 1708511768.284107, "_runtime": 21.052093029022217, "_step": 0, "_wandb": {"runtime": 18}}