{"accuracy": 0.5933762254901961, "_timestamp": 1708312310.8066025, "_runtime": 44.282904386520386, "_step": 0, "_wandb": {"runtime": 42}}