{"accuracy": 0.5550827205882353, "_timestamp": 1708696564.0939648, "_runtime": 27.69023871421814, "_step": 0, "_wandb": {"runtime": 25}}