{"accuracy": 0.7317922794117647, "_timestamp": 1708696850.5750923, "_runtime": 20.68403124809265, "_step": 0, "_wandb": {"runtime": 18}}