{"accuracy": 0.7622794117647059, "_timestamp": 1708708803.7971406, "_runtime": 491.29161763191223, "_step": 0, "_wandb": {"runtime": 486}}