{"accuracy": 0.6484375, "_timestamp": 1708275355.3314729, "_runtime": 29.031115770339966, "_step": 5, "mean_accuracy": 0.5933762254901961, "_wandb": {"runtime": 27}}