{"accuracy": 0.559001225490196, "_timestamp": 1708314289.6945589, "_runtime": 8.406540870666504, "_step": 0, "_wandb": {"runtime": 7}}