{"accuracy": 0.646577818627451, "_timestamp": 1708514573.2447872, "_runtime": 309.8381562232971, "_step": 0, "_wandb": {"runtime": 308}}