{"accuracy": 0.6484375, "_timestamp": 1708274511.6580396, "_runtime": 29.114686489105225, "_step": 4, "_wandb": {"runtime": 27}}