{"accuracy": 0.7583700980392157, "_timestamp": 1708725043.3387315, "_runtime": 1735.6939504146576, "_step": 0, "_wandb": {"runtime": 1731}}