{"accuracy": 0.5933762254901961, "_timestamp": 1708275733.1771815, "_runtime": 27.383812427520752, "_step": 0, "_wandb": {"runtime": 25}}