{"accuracy": 0.6950398284313726, "_timestamp": 1708513284.309023, "_runtime": 43.94525194168091, "_step": 0, "_wandb": {"runtime": 42}}