{"accuracy": 0.7357046568627451, "_timestamp": 1708554782.5225978, "_runtime": 1297.1726129055023, "_step": 0, "_wandb": {"runtime": 1295}}