{"accuracy": 0.6473345588235294, "_timestamp": 1708698560.5506678, "_runtime": 590.9097988605499, "_step": 0, "_wandb": {"runtime": 589}}