{"accuracy": 0.559001225490196, "_timestamp": 1708275455.8096917, "_runtime": 8.622568607330322, "_step": 0, "_wandb": {"runtime": 7}}