{"accuracy": 0.7349234068627452, "_timestamp": 1708701358.8024628, "_runtime": 548.8213067054749, "_step": 0, "_wandb": {"runtime": 547}}