{"accuracy": 0.584767156862745, "_timestamp": 1708316597.9052708, "_runtime": 42.112223863601685, "_step": 0, "_wandb": {"runtime": 40}}