{"accuracy": 0.6027910539215686, "_timestamp": 1708511743.2239907, "_runtime": 14.536627769470215, "_step": 0, "_wandb": {"runtime": 12}}