{"accuracy": 0.7443075980392158, "_timestamp": 1708513058.0956173, "_runtime": 20.85597538948059, "_step": 0, "_wandb": {"runtime": 19}}