{"accuracy": 0.584767156862745, "_timestamp": 1708313806.4093015, "_runtime": 28.449398517608643, "_step": 0, "_wandb": {"runtime": 26}}