{"accuracy": 0.5550827205882353, "_timestamp": 1708333204.6268346, "_runtime": 27.848710536956787, "_step": 0, "_wandb": {"runtime": 26}}