{"accuracy": 0.5613480392156862, "_timestamp": 1708512774.006794, "_runtime": 9.018720865249634, "_step": 0, "_wandb": {"runtime": 6}}