{"accuracy": 0.7505575980392157, "_timestamp": 1708696886.7002594, "_runtime": 31.34284234046936, "_step": 0, "_wandb": {"runtime": 29}}