{"accuracy": 0.5957199754901961, "_timestamp": 1708344711.9594793, "_runtime": 47.817198276519775, "_step": 0, "_wandb": {"runtime": 46}}