{"accuracy": 0.584767156862745, "_timestamp": 1708275936.8367767, "_runtime": 27.24572777748108, "_step": 0, "_wandb": {"runtime": 25}}