{"accuracy": 0.5933792892156863, "_timestamp": 1708312207.520255, "_runtime": 48.07051110267639, "_step": 0, "_wandb": {"runtime": 46}}