{"accuracy": 0.5957199754901961, "_timestamp": 1708345775.182381, "_runtime": 955.3333959579468, "_step": 0, "_wandb": {"runtime": 953}}