{"accuracy": 0.7638449754901961, "_timestamp": 1708543639.6350868, "_runtime": 728.8132767677307, "_step": 0, "_wandb": {"runtime": 726}}