{"accuracy": 0.609375, "_timestamp": 1708274558.0629354, "_runtime": 9.572723388671875, "_step": 4, "_wandb": {"runtime": 7}}