{"accuracy": 0.6059007352941176, "_timestamp": 1708696667.9710505, "_runtime": 10.458130598068237, "_step": 0, "_wandb": {"runtime": 8}}