{"accuracy": 0.65625, "_timestamp": 1708274109.301884, "_runtime": 24.074071884155273, "_step": 3}