{"accuracy": 0.5910263480392157, "_timestamp": 1708317350.5095692, "_runtime": 41.14565324783325, "_step": 0, "_wandb": {"runtime": 39}}