{"accuracy": 0.5855545343137255, "_timestamp": 1708275832.6032243, "_runtime": 27.599253177642822, "_step": 0, "_wandb": {"runtime": 25}}