{"accuracy": 0.7349172794117648, "_timestamp": 1708714863.9397626, "_runtime": 1066.1925055980682, "_step": 0, "_wandb": {"runtime": 1062}}