{"accuracy": 0.5535079656862745, "_timestamp": 1708276094.4035246, "_runtime": 25.176092624664307, "_step": 0, "_wandb": {"runtime": 23}}