{"accuracy": 0.7529013480392157, "_timestamp": 1708719476.428795, "_runtime": 986.9388301372528, "_step": 0, "_wandb": {"runtime": 982}}