{"accuracy": 0.6668658088235294, "_timestamp": 1708512846.7268128, "_runtime": 14.515309810638428, "_step": 0, "_wandb": {"runtime": 12}}