{"accuracy": 0.5933792892156863, "_timestamp": 1708313302.9254477, "_runtime": 29.490662813186646, "_step": 0, "_wandb": {"runtime": 27}}