{"accuracy": 0.558186274509804, "_timestamp": 1708512758.8388195, "_runtime": 7.0164265632629395, "_step": 0, "_wandb": {"runtime": 4}}