{"accuracy": 0.7638449754901961, "_timestamp": 1708542904.8578577, "_runtime": 731.5077936649323, "_step": 0, "_wandb": {"runtime": 729}}