{"accuracy": 0.5933762254901961, "_timestamp": 1708312448.8274298, "_runtime": 41.53291583061218, "_step": 0, "_wandb": {"runtime": 39}}