{"accuracy": 0.7630637254901961, "_timestamp": 1708540049.9074314, "_runtime": 683.6863334178925, "_step": 0, "_wandb": {"runtime": 682}}