{"accuracy": 0.6387714460784314, "_timestamp": 1708697169.7845728, "_runtime": 271.1488697528839, "_step": 0, "_wandb": {"runtime": 269}}