{"accuracy": 0.7380514705882353, "_timestamp": 1708552303.4839745, "_runtime": 989.3513774871826, "_step": 0, "_wandb": {"runtime": 987}}