{"accuracy": 0.7575919117647059, "_timestamp": 1708712081.839909, "_runtime": 727.3742740154266, "_step": 0, "_wandb": {"runtime": 722}}