{"accuracy": 0.6989797794117647, "_timestamp": 1708513191.7304504, "_runtime": 28.993412494659424, "_step": 0, "_wandb": {"runtime": 27}}