{"accuracy": 0.6484375, "_timestamp": 1708275289.5286684, "_runtime": 28.36674737930298, "_step": 5, "mean_accuracy": 0.5933762254901961, "_wandb": {"runtime": 26}}