{"accuracy": 0.584767156862745, "_timestamp": 1708313708.3108637, "_runtime": 29.60747265815735, "_step": 0, "_wandb": {"runtime": 27}}