{"accuracy": 0.546875, "_timestamp": 1708275052.2225912, "_runtime": 75.19285726547241, "_step": 20, "mean_accuracy": 0.5863357843137255, "min_samples": 2, "max_depth": 11}