{"accuracy": 0.5910263480392157, "_timestamp": 1708317838.3166337, "_runtime": 21.715792655944824, "_step": 0, "_wandb": {"runtime": 20}}