{"accuracy": 0.547218137254902, "_timestamp": 1708511934.1112788, "_runtime": 13.975204706192017, "_step": 0, "_wandb": {"runtime": 13}}