{"accuracy": 0.5550827205882353, "_timestamp": 1708276271.954954, "_runtime": 25.97710680961609, "_step": 0, "_wandb": {"runtime": 24}}