{"accuracy": 0.5957199754901961, "_timestamp": 1708344815.951037, "_runtime": 99.89801597595215, "_step": 0, "_wandb": {"runtime": 98}}