{"accuracy": 0.7489859068627451, "_timestamp": 1708716009.9679608, "_runtime": 1138.4001679420471, "_step": 0, "_wandb": {"runtime": 1134}}