{"accuracy": 0.62890625, "_timestamp": 1708274275.5897956, "_runtime": 27.969095706939697, "_step": 4, "_wandb": {"runtime": 23}}