{"accuracy": 0.7091207107843138, "_timestamp": 1708356528.0994582, "_runtime": 1023.8910672664642, "_step": 0, "_wandb": {"runtime": 1022}}