{"accuracy": 0.7411795343137255, "_timestamp": 1708513394.5830324, "_runtime": 50.013625383377075, "_step": 0, "_wandb": {"runtime": 47}}