{"accuracy": 0.5964920343137254, "_timestamp": 1708320311.9163153, "_runtime": 941.6419262886047, "_step": 0, "_wandb": {"runtime": 939}}