{"accuracy": 0.609375, "_timestamp": 1708274855.2694457, "_runtime": 9.712084770202637, "_step": 4, "_wandb": {"runtime": 7}}