{"accuracy": 0.6121384803921568, "_timestamp": 1708512826.9568503, "_runtime": 13.493044376373291, "_step": 0, "_wandb": {"runtime": 11}}