{"accuracy": 0.7560386029411765, "_timestamp": 1708513518.0145695, "_runtime": 40.73980259895325, "_step": 0, "_wandb": {"runtime": 39}}