{"accuracy": 0.7489950980392157, "_timestamp": 1708512899.4297144, "_runtime": 24.099557399749756, "_step": 0, "_wandb": {"runtime": 22}}