{"accuracy": 0.609375, "_timestamp": 1708273987.3095205, "_runtime": 9.170982599258423, "_step": 4, "_wandb": {"runtime": 8}}