{"accuracy": 0.723201593137255, "_timestamp": 1708513031.92735, "_runtime": 20.90120506286621, "_step": 0, "_wandb": {"runtime": 19}}