{"accuracy": 0.6098498774509804, "_timestamp": 1708510825.6150477, "_runtime": 7.615724802017212, "_step": 0, "_wandb": {"runtime": 5}}