{"accuracy": 0.7591544117647059, "_timestamp": 1708718482.4952781, "_runtime": 956.7326271533966, "_step": 0, "_wandb": {"runtime": 949}}