{"accuracy": 0.5542984068627451, "_timestamp": 1708313904.1187997, "_runtime": 26.88345766067505, "_step": 0, "_wandb": {"runtime": 24}}