{"accuracy": 0.5933762254901961, "_timestamp": 1708316685.9100502, "_runtime": 36.59101104736328, "_step": 0, "_wandb": {"runtime": 34}}