{"accuracy": 0.5550827205882353, "_timestamp": 1708313997.916825, "_runtime": 27.71526312828064, "_step": 0, "_wandb": {"runtime": 26}}