{"accuracy": 0.62109375, "_timestamp": 1708274644.6820285, "_runtime": 27.619325637817383, "_step": 4, "_wandb": {"runtime": 25}}