{"accuracy": 0.584767156862745, "_timestamp": 1708312739.9481332, "_runtime": 41.718133211135864, "_step": 0, "_wandb": {"runtime": 39}}