{"accuracy": 0.5933762254901961, "_timestamp": 1708313473.0056393, "_runtime": 28.508714199066162, "_step": 0, "_wandb": {"runtime": 26}}