{"accuracy": 0.584767156862745, "_timestamp": 1708312816.7892952, "_runtime": 34.786792278289795, "_step": 0, "_wandb": {"runtime": 32}}