{"accuracy": 0.7630637254901961, "_timestamp": 1708545751.3899305, "_runtime": 699.9792904853821, "_step": 0, "_wandb": {"runtime": 698}}