{"accuracy": 0.625, "_timestamp": 1708274743.8556647, "_runtime": 29.374706745147705, "_step": 4, "_wandb": {"runtime": 27}}