{"accuracy": 0.5550827205882353, "_timestamp": 1708316645.479396, "_runtime": 44.00125217437744, "_step": 0, "_wandb": {"runtime": 42}}