{"accuracy": 0.590281862745098, "_timestamp": 1708511666.0491788, "_runtime": 11.89595890045166, "_step": 0, "_wandb": {"runtime": 10}}