{"accuracy": 0.5988633578431373, "_timestamp": 1708511892.2347956, "_runtime": 13.30474066734314, "_step": 0, "_wandb": {"runtime": 12}}