{"accuracy": 0.7622794117647059, "_timestamp": 1708540749.8344924, "_runtime": 692.2355215549469, "_step": 0, "_wandb": {"runtime": 690}}