{"accuracy": 0.559001225490196, "_timestamp": 1708316129.0431173, "_runtime": 9.649867296218872, "_step": 0, "_wandb": {"runtime": 7}}