{"accuracy": 0.5957199754901961, "_timestamp": 1708344659.9683545, "_runtime": 40.52139854431152, "_step": 0, "_wandb": {"runtime": 38}}