{"accuracy": 0.7638449754901961, "_timestamp": 1708544342.483325, "_runtime": 697.0562069416046, "_step": 0, "_wandb": {"runtime": 695}}