{"accuracy": 0.6004319852941176, "_timestamp": 1708511689.964622, "_runtime": 15.161404132843018, "_step": 0, "_wandb": {"runtime": 13}}