{"accuracy": 0.6484375, "_timestamp": 1708275322.2712107, "_runtime": 29.42373561859131, "_step": 5, "mean_accuracy": 0.5933762254901961, "_wandb": {"runtime": 27}}