{"accuracy": 0.584767156862745, "_timestamp": 1708276028.899918, "_runtime": 27.165924072265625, "_step": 0, "_wandb": {"runtime": 25}}