{"accuracy": 0.559001225490196, "_timestamp": 1708313205.147945, "_runtime": 9.498875856399536, "_step": 0, "_wandb": {"runtime": 8}}