{"accuracy": 0.584767156862745, "_timestamp": 1708349624.4085739, "_runtime": 43.24126696586609, "_step": 0, "_wandb": {"runtime": 41}}