{"accuracy": 0.5550827205882353, "_timestamp": 1708314093.362278, "_runtime": 27.11454486846924, "_step": 0, "_wandb": {"runtime": 24}}