{"accuracy": 0.609375, "_timestamp": 1708275164.36957, "_runtime": 9.639193058013916, "_step": 5, "mean_accuracy": 0.559001225490196, "_wandb": {"runtime": 8}}