{"accuracy": 0.5871200980392157, "_timestamp": 1708316229.102955, "_runtime": 23.05536699295044, "_step": 0, "_wandb": {"runtime": 21}}