{"accuracy": 0.5738449754901961, "_timestamp": 1708510681.3034608, "_runtime": 8.186056852340698, "_step": 0, "_wandb": {"runtime": 6}}