{"accuracy": 0.5965226715686274, "_timestamp": 1708350480.6063766, "_runtime": 20.352778673171997, "_step": 0, "_wandb": {"runtime": 18}}