{"accuracy": 0.6067095588235294, "_timestamp": 1708510813.9965603, "_runtime": 7.0912322998046875, "_step": 0, "_wandb": {"runtime": 5}}