{"accuracy": 0.6171875, "_timestamp": 1708275224.4045808, "_runtime": 28.53857183456421, "_step": 5, "mean_accuracy": 0.5863357843137255, "_wandb": {"runtime": 26}}