{"accuracy": 0.559001225490196, "_timestamp": 1708350404.4766743, "_runtime": 9.533229351043701, "_step": 0, "_wandb": {"runtime": 7}}