{"accuracy": 0.7622794117647059, "_timestamp": 1708706272.3306496, "_runtime": 510.9405117034912, "_step": 0, "_wandb": {"runtime": 507}}