{"accuracy": 0.7380575980392157, "_timestamp": 1708512936.8734992, "_runtime": 13.174620151519775, "_step": 0, "_wandb": {"runtime": 11}}