{"accuracy": 0.5910263480392157, "_timestamp": 1708318360.672075, "_runtime": 213.93178391456604, "_step": 0, "_wandb": {"runtime": 211}}