{"accuracy": 0.7404013480392158, "_timestamp": 1708513811.271264, "_runtime": 61.511691093444824, "_step": 0, "_wandb": {"runtime": 59}}