{"accuracy": 0.5761703431372549, "_timestamp": 1708313577.5936, "_runtime": 29.177999019622803, "_step": 0, "_wandb": {"runtime": 27}}