{"accuracy": 0.5933976715686274, "_timestamp": 1708510697.7306545, "_runtime": 11.484398365020752, "_step": 0, "_wandb": {"runtime": 9}}