{"accuracy": 0.62890625, "_timestamp": 1708274583.3280811, "_runtime": 21.31834602355957, "_step": 4, "_wandb": {"runtime": 19}}