{"accuracy": 0.7638449754901961, "_timestamp": 1708535221.745631, "_runtime": 683.4459879398346, "_step": 0, "_wandb": {"runtime": 681}}