{"accuracy": 0.7513480392156863, "_timestamp": 1708513970.620921, "_runtime": 83.32386898994446, "_step": 0, "_wandb": {"runtime": 81}}