{"accuracy": 0.7278921568627451, "_timestamp": 1708520989.838838, "_runtime": 756.2156150341034, "_step": 0, "_wandb": {"runtime": 754}}