{"accuracy": 0.584767156862745, "_timestamp": 1708312778.148949, "_runtime": 34.07915687561035, "_step": 0, "_wandb": {"runtime": 32}}