{"accuracy": 0.5933762254901961, "_timestamp": 1708313405.5951984, "_runtime": 29.139638423919678, "_step": 0, "_wandb": {"runtime": 27}}