{"accuracy": 0.584767156862745, "_timestamp": 1708333173.0139694, "_runtime": 28.834734439849854, "_step": 0, "_wandb": {"runtime": 27}}