{"accuracy": 0.5855545343137255, "_timestamp": 1708312648.1082137, "_runtime": 42.56475758552551, "_step": 0, "_wandb": {"runtime": 40}}