{"accuracy": 0.5800888480392157, "_timestamp": 1708512119.2445276, "_runtime": 13.245063543319702, "_step": 0, "_wandb": {"runtime": 12}}