{"accuracy": 0.584782475490196, "_timestamp": 1708696640.080479, "_runtime": 6.129914999008179, "_step": 0, "_wandb": {"runtime": 5}}