{"accuracy": 0.6926378676470588, "_timestamp": 1708354931.1456597, "_runtime": 2173.2336127758026, "_step": 0, "_wandb": {"runtime": 2171}}