{"accuracy": 0.584767156862745, "_timestamp": 1708696440.420172, "_runtime": 30.41665506362915, "_step": 0, "_wandb": {"runtime": 27}}