{"accuracy": 0.5535079656862745, "_timestamp": 1708316322.4598541, "_runtime": 25.972384214401245, "_step": 0, "_wandb": {"runtime": 24}}