{"accuracy": 0.7638449754901961, "_timestamp": 1708530342.3875039, "_runtime": 768.3802559375763, "_step": 0, "_wandb": {"runtime": 766}}