{"accuracy": 0.5550827205882353, "_timestamp": 1708313934.7925985, "_runtime": 26.907597541809082, "_step": 0, "_wandb": {"runtime": 25}}