{"accuracy": 0.7638449754901961, "_timestamp": 1708549395.213953, "_runtime": 740.5240941047668, "_step": 0, "_wandb": {"runtime": 738}}