{"accuracy": 0.5386703431372549, "_timestamp": 1708510655.79659, "_runtime": 7.10158109664917, "_step": 0, "_wandb": {"runtime": 4}}