{"accuracy": 0.7630606617647059, "_timestamp": 1708708305.0348573, "_runtime": 504.3997793197632, "_step": 0, "_wandb": {"runtime": 499}}