{"accuracy": 0.5918075980392157, "_timestamp": 1708313544.7526448, "_runtime": 21.938888788223267, "_step": 0, "_wandb": {"runtime": 20}}