{"accuracy": 0.5738265931372549, "_timestamp": 1708696404.4971838, "_runtime": 27.743119716644287, "_step": 0, "_wandb": {"runtime": 26}}