{"accuracy": 0.582438725490196, "_timestamp": 1708512804.3597958, "_runtime": 12.119317770004272, "_step": 0, "_wandb": {"runtime": 10}}