{"accuracy": 0.5957199754901961, "_timestamp": 1708341649.0856705, "_runtime": 20.3045814037323, "_step": 0, "_wandb": {"runtime": 19}}