{"accuracy": 0.7216299019607844, "_timestamp": 1708522828.1235454, "_runtime": 952.3765273094177, "_step": 0, "_wandb": {"runtime": 951}}