{"accuracy": 0.559001225490196, "_timestamp": 1708332859.4518876, "_runtime": 9.76371169090271, "_step": 0, "_wandb": {"runtime": 8}}