{"accuracy": 0.584767156862745, "_timestamp": 1708313742.841031, "_runtime": 30.19806718826294, "_step": 0, "_wandb": {"runtime": 28}}