{"accuracy": 0.5824479166666666, "_timestamp": 1708333521.7109447, "_runtime": 42.43265962600708, "_step": 0, "_wandb": {"runtime": 40}}