{"accuracy": 0.7638449754901961, "_timestamp": 1708531778.6113527, "_runtime": 699.1480617523193, "_step": 0, "_wandb": {"runtime": 697}}