{"accuracy": 0.7513357843137255, "_timestamp": 1708557539.9470437, "_runtime": 1397.9709196090698, "_step": 0, "_wandb": {"runtime": 1396}}