{"accuracy": 0.64453125, "_timestamp": 1708275257.6875963, "_runtime": 29.165528297424316, "_step": 5, "mean_accuracy": 0.5933792892156863, "_wandb": {"runtime": 27}}