{"accuracy": 0.5933762254901961, "_timestamp": 1708313505.4860675, "_runtime": 28.421607494354248, "_step": 0, "_wandb": {"runtime": 26}}