{"accuracy": 0.5933762254901961, "_timestamp": 1708313439.6511624, "_runtime": 30.484904289245605, "_step": 0, "_wandb": {"runtime": 28}}