{"accuracy": 0.5738265931372549, "_timestamp": 1708333072.3196974, "_runtime": 26.796854496002197, "_step": 0, "_wandb": {"runtime": 24}}