{"accuracy": 0.5706954656862745, "_timestamp": 1708349311.4784565, "_runtime": 15.711819410324097, "_step": 0, "_wandb": {"runtime": 14}}