{"accuracy": 0.5957199754901961, "_timestamp": 1708341748.8790338, "_runtime": 47.18435978889465, "_step": 0, "_wandb": {"runtime": 45}}