{"accuracy": 0.7638449754901961, "_timestamp": 1708545046.057733, "_runtime": 697.4944281578064, "_step": 0, "_wandb": {"runtime": 695}}