{"accuracy": 0.7622794117647059, "_timestamp": 1708706778.2177813, "_runtime": 498.9601092338562, "_step": 0, "_wandb": {"runtime": 494}}