{"accuracy": 0.584767156862745, "_timestamp": 1708316722.071038, "_runtime": 32.09025692939758, "_step": 0, "_wandb": {"runtime": 29}}