{"accuracy": 0.6484375, "_timestamp": 1708274444.4005475, "_runtime": 29.440263509750366, "_step": 4, "_wandb": {"runtime": 27}}