{"accuracy": 0.5863357843137255, "_timestamp": 1708312155.6151528, "_runtime": 51.127906799316406, "_step": 0, "_wandb": {"runtime": 49}}