{"accuracy": 0.5933762254901961, "_timestamp": 1708313371.7185812, "_runtime": 27.77275323867798, "_step": 0, "_wandb": {"runtime": 25}}