{"accuracy": 0.5871200980392157, "_timestamp": 1708313844.1247537, "_runtime": 21.0711567401886, "_step": 0, "_wandb": {"runtime": 19}}