{"accuracy": 0.5550827205882353, "_timestamp": 1708317048.856346, "_runtime": 26.8732647895813, "_step": 0, "_wandb": {"runtime": 24}}