{"accuracy": 0.5933792892156863, "_timestamp": 1708316354.8718524, "_runtime": 28.704126358032227, "_step": 0, "_wandb": {"runtime": 26}}