{"accuracy": 0.559001225490196, "_timestamp": 1708696316.9387283, "_runtime": 9.367331266403198, "_step": 0, "_wandb": {"runtime": 7}}