{"accuracy": 0.5910263480392157, "_timestamp": 1708317506.8866136, "_runtime": 102.34344863891602, "_step": 0, "_wandb": {"runtime": 100}}