{"accuracy": 0.584767156862745, "_timestamp": 1708275871.4478607, "_runtime": 34.80058979988098, "_step": 0, "_wandb": {"runtime": 29}}