{"accuracy": 0.5706954656862745, "_timestamp": 1708349291.7518466, "_runtime": 16.5294406414032, "_step": 0, "_wandb": {"runtime": 14}}