{"accuracy": 0.7638449754901961, "_timestamp": 1708529568.384792, "_runtime": 734.3967821598053, "_step": 0, "_wandb": {"runtime": 732}}