{"accuracy": 0.5542892156862745, "_timestamp": 1708350621.5344222, "_runtime": 26.043310165405273, "_step": 0, "_wandb": {"runtime": 23}}