{"accuracy": 0.6340502450980392, "_timestamp": 1708352753.7551382, "_runtime": 1008.983644247055, "_step": 0, "_wandb": {"runtime": 1007}}