{"accuracy": 0.584767156862745, "_timestamp": 1708313674.5106087, "_runtime": 29.094358682632446, "_step": 0, "_wandb": {"runtime": 27}}