{"accuracy": 0.5706954656862745, "_timestamp": 1708332902.6847198, "_runtime": 13.051714897155762, "_step": 0, "_wandb": {"runtime": 11}}