{"accuracy": 0.6293780637254902, "_timestamp": 1708515447.734579, "_runtime": 522.1037440299988, "_step": 0, "_wandb": {"runtime": 520}}