{"accuracy": 0.5706954656862745, "_timestamp": 1708332919.9779239, "_runtime": 13.117246866226196, "_step": 0, "_wandb": {"runtime": 11}}