{"accuracy": 0.7622794117647059, "_timestamp": 1708705753.2364676, "_runtime": 509.502477645874, "_step": 0, "_wandb": {"runtime": 505}}