{"accuracy": 0.715343137254902, "_timestamp": 1708358633.1452248, "_runtime": 2100.5615088939667, "_step": 0, "_wandb": {"runtime": 2099}}