{"accuracy": 0.5542892156862745, "_timestamp": 1708349534.2762027, "_runtime": 32.72300362586975, "_step": 0, "_wandb": {"runtime": 31}}