{"accuracy": 0.5933762254901961, "_timestamp": 1708275702.3538725, "_runtime": 27.211516618728638, "_step": 0, "_wandb": {"runtime": 25}}