{"accuracy": 0.5965226715686274, "_timestamp": 1708332960.783465, "_runtime": 20.927578926086426, "_step": 0, "_wandb": {"runtime": 19}}