{"accuracy": 0.559001225490196, "_timestamp": 1708316116.0070581, "_runtime": 9.317722082138062, "_step": 0, "_wandb": {"runtime": 8}}