{"accuracy": 0.584767156862745, "_timestamp": 1708316924.2510395, "_runtime": 27.908702611923218, "_step": 0, "_wandb": {"runtime": 26}}