{"accuracy": 0.5839920343137255, "_timestamp": 1708349457.99404, "_runtime": 33.50149393081665, "_step": 0, "_wandb": {"runtime": 31}}