{"accuracy": 0.7419607843137255, "_timestamp": 1708720657.676403, "_runtime": 1171.4322159290314, "_step": 0, "_wandb": {"runtime": 1167}}