{"accuracy": 0.5871200980392157, "_timestamp": 1708276065.194721, "_runtime": 20.30397391319275, "_step": 0, "_wandb": {"runtime": 18}}