{"accuracy": 0.5550827205882353, "_timestamp": 1708276242.46266, "_runtime": 26.104151010513306, "_step": 0, "_wandb": {"runtime": 24}}