{"accuracy": 0.6927328431372549, "_timestamp": 1708514257.7265751, "_runtime": 281.0714521408081, "_step": 0, "_wandb": {"runtime": 275}}