{"accuracy": 0.7638449754901961, "_timestamp": 1708528826.2789736, "_runtime": 741.1870574951172, "_step": 0, "_wandb": {"runtime": 739}}