{"accuracy": 0.584767156862745, "_timestamp": 1708275906.1734903, "_runtime": 30.142022371292114, "_step": 0, "_wandb": {"runtime": 28}}