{"accuracy": 0.7450888480392157, "_timestamp": 1708513881.8096642, "_runtime": 64.46115636825562, "_step": 0, "_wandb": {"runtime": 62}}