{"accuracy": 0.5933762254901961, "_timestamp": 1708275639.6028354, "_runtime": 27.5476713180542, "_step": 0, "_wandb": {"runtime": 25}}