{"accuracy": 0.5855545343137255, "_timestamp": 1708313609.804822, "_runtime": 28.681190013885498, "_step": 0, "_wandb": {"runtime": 26}}