{"accuracy": 0.5550827205882353, "_timestamp": 1708316859.4588585, "_runtime": 27.43078351020813, "_step": 0, "_wandb": {"runtime": 25}}