{"accuracy": 0.7185049019607843, "_timestamp": 1708513339.374032, "_runtime": 49.63967204093933, "_step": 0, "_wandb": {"runtime": 46}}