{"accuracy": 0.559001225490196, "_timestamp": 1708350387.9230075, "_runtime": 9.28368353843689, "_step": 0, "_wandb": {"runtime": 7}}