{"accuracy": 0.7145710784313726, "_timestamp": 1708696824.862356, "_runtime": 19.76183795928955, "_step": 0, "_wandb": {"runtime": 17}}