{"accuracy": 0.5550827205882353, "_timestamp": 1708314029.6694684, "_runtime": 27.859657287597656, "_step": 0, "_wandb": {"runtime": 25}}