{"accuracy": 0.5706954656862745, "_timestamp": 1708696472.8058043, "_runtime": 13.289724349975586, "_step": 0, "_wandb": {"runtime": 10}}