{"accuracy": 0.5550827205882353, "_timestamp": 1708276301.5851793, "_runtime": 25.781633377075195, "_step": 0, "_wandb": {"runtime": 24}}