{"accuracy": 0.5706954656862745, "_timestamp": 1708350456.2875614, "_runtime": 12.558363437652588, "_step": 0, "_wandb": {"runtime": 10}}