{"accuracy": 0.740389093137255, "_timestamp": 1708355038.3482869, "_runtime": 102.91521978378296, "_step": 0, "_wandb": {"runtime": 101}}