{"accuracy": 0.5839920343137255, "_timestamp": 1708350560.7238715, "_runtime": 26.953564405441284, "_step": 0, "_wandb": {"runtime": 25}}