{"accuracy": 0.559001225490196, "_timestamp": 1708312521.4407403, "_runtime": 15.308273315429688, "_step": 0, "_wandb": {"runtime": 13}}