{"accuracy": 0.5910263480392157, "_timestamp": 1708317305.127063, "_runtime": 18.509921073913574, "_step": 0, "_wandb": {"runtime": 17}}