{"accuracy": 0.7590196078431373, "_timestamp": 1708278399.3705044, "_runtime": 1862.000336408615, "_step": 0, "_wandb": {"runtime": 1861}}