{"accuracy": 0.7638449754901961, "_timestamp": 1708537980.5333576, "_runtime": 690.8513226509094, "_step": 0, "_wandb": {"runtime": 687}}