{"accuracy": 0.6019546568627451, "_timestamp": 1708351523.081835, "_runtime": 22.59314203262329, "_step": 0, "_wandb": {"runtime": 19}}