{"accuracy": 0.5730667892156862, "_timestamp": 1708510192.1202018, "_runtime": 10.710344791412354, "_step": 0, "_wandb": {"runtime": 9}}