{"accuracy": 0.7607138480392157, "_timestamp": 1708547193.510422, "_runtime": 718.5130639076233, "_step": 0, "_wandb": {"runtime": 716}}