{"accuracy": 0.5957199754901961, "_timestamp": 1708344615.643118, "_runtime": 21.48182487487793, "_step": 0, "_wandb": {"runtime": 18}}