{"accuracy": 0.7568075980392157, "_timestamp": 1708550334.4964166, "_runtime": 933.1699776649475, "_step": 0, "_wandb": {"runtime": 931}}