{"accuracy": 0.559001225490196, "_timestamp": 1708316145.889715, "_runtime": 10.23856806755066, "_step": 0, "_wandb": {"runtime": 8}}