{"accuracy": 0.589485294117647, "_timestamp": 1708696652.1030555, "_runtime": 6.77819037437439, "_step": 0, "_wandb": {"runtime": 4}}