{"accuracy": 0.625, "_timestamp": 1708274809.1658754, "_runtime": 28.921191453933716, "_step": 4, "_wandb": {"runtime": 26}}