{"accuracy": 0.5535079656862745, "_timestamp": 1708313873.7694802, "_runtime": 26.124481201171875, "_step": 0, "_wandb": {"runtime": 24}}