{"accuracy": 0.5949571078431373, "_timestamp": 1708349420.3836896, "_runtime": 24.376880645751953, "_step": 0, "_wandb": {"runtime": 22}}