{"accuracy": 0.5550827205882353, "_timestamp": 1708276182.7904701, "_runtime": 25.7160701751709, "_step": 0, "_wandb": {"runtime": 23}}