{"accuracy": 0.7630606617647059, "_timestamp": 1708548648.5666492, "_runtime": 722.3818380832672, "_step": 0, "_wandb": {"runtime": 720}}