{"accuracy": 0.5550827205882353, "_timestamp": 1708276153.2583988, "_runtime": 25.716405868530273, "_step": 0, "_wandb": {"runtime": 23}}