{"accuracy": 0.6484375, "_timestamp": 1708274544.6385593, "_runtime": 29.171079397201538, "_step": 4, "_wandb": {"runtime": 27}}