{"accuracy": 0.5550827205882353, "_timestamp": 1708316954.4602876, "_runtime": 26.470139503479004, "_step": 0, "_wandb": {"runtime": 24}}