{"accuracy": 0.756029411764706, "_timestamp": 1708513092.8021965, "_runtime": 29.242745399475098, "_step": 0, "_wandb": {"runtime": 27}}