{"accuracy": 0.5949571078431373, "_timestamp": 1708696497.811084, "_runtime": 20.097929000854492, "_step": 0, "_wandb": {"runtime": 17}}