{"accuracy": 0.584767156862745, "_timestamp": 1708275967.9244668, "_runtime": 27.759495735168457, "_step": 0, "_wandb": {"runtime": 25}}