{"accuracy": 0.5933731617647059, "_timestamp": 1708313234.172124, "_runtime": 22.424948930740356, "_step": 0, "_wandb": {"runtime": 21}}