{"accuracy": 0.559001225490196, "_timestamp": 1708696454.9787524, "_runtime": 9.542107343673706, "_step": 0, "_wandb": {"runtime": 7}}