{"accuracy": 0.5863357843137255, "_timestamp": 1708275514.7264235, "_runtime": 28.062800407409668, "_step": 0, "_wandb": {"runtime": 26}}