{"accuracy": 0.584767156862745, "_timestamp": 1708350690.4883275, "_runtime": 31.358423471450806, "_step": 0, "_wandb": {"runtime": 27}}