{"accuracy": 0.7349387254901961, "_timestamp": 1708513615.912759, "_runtime": 44.371299028396606, "_step": 0, "_wandb": {"runtime": 42}}