{"accuracy": 0.5933792892156863, "_timestamp": 1708275545.8222775, "_runtime": 27.30984663963318, "_step": 0, "_wandb": {"runtime": 25}}