{"accuracy": 0.5706954656862745, "_timestamp": 1708696199.1258285, "_runtime": 12.51720142364502, "_step": 0, "_wandb": {"runtime": 11}}