{"accuracy": 0.5706954656862745, "_timestamp": 1708332935.9836657, "_runtime": 12.58097767829895, "_step": 0, "_wandb": {"runtime": 10}}