{"accuracy": 0.64453125, "_timestamp": 1708274344.8904996, "_runtime": 29.056891679763794, "_step": 4, "_wandb": {"runtime": 27}}