{"accuracy": 0.5706954656862745, "_timestamp": 1708696345.75305, "_runtime": 13.596405029296875, "_step": 0, "_wandb": {"runtime": 11}}