{"accuracy": 0.625, "_timestamp": 1708274710.5648065, "_runtime": 30.050093412399292, "_step": 4, "_wandb": {"runtime": 28}}