{"accuracy": 0.5933762254901961, "_timestamp": 1708312403.6870701, "_runtime": 42.38337421417236, "_step": 0, "_wandb": {"runtime": 40}}