{"accuracy": 0.584767156862745, "_timestamp": 1708275998.456689, "_runtime": 27.166107892990112, "_step": 0, "_wandb": {"runtime": 25}}