{"accuracy": 0.5542984068627451, "_timestamp": 1708276123.5724576, "_runtime": 25.646538496017456, "_step": 0, "_wandb": {"runtime": 23}}