{"accuracy": 0.5933762254901961, "_timestamp": 1708312257.945175, "_runtime": 46.32821297645569, "_step": 0, "_wandb": {"runtime": 44}}