{"accuracy": 0.5933762254901961, "_timestamp": 1708333139.9633596, "_runtime": 32.78661561012268, "_step": 0, "_wandb": {"runtime": 27}}