{"accuracy": 0.559001225490196, "_timestamp": 1708696178.6635907, "_runtime": 8.886963605880737, "_step": 0, "_wandb": {"runtime": 7}}