{"accuracy": 0.5964920343137254, "_timestamp": 1708319211.2321148, "_runtime": 44.89759588241577, "_step": 0, "_wandb": {"runtime": 43}}