{"accuracy": 0.5933762254901961, "_timestamp": 1708316792.1906164, "_runtime": 32.34379029273987, "_step": 0, "_wandb": {"runtime": 28}}