{"accuracy": 0.7560202205882354, "_timestamp": 1708518828.7172449, "_runtime": 1243.1523089408875, "_step": 0, "_wandb": {"runtime": 1241}}