{"accuracy": 0.62890625, "_timestamp": 1708275191.962197, "_runtime": 23.555363178253174, "_step": 5, "mean_accuracy": 0.5933731617647059, "_wandb": {"runtime": 21}}