{"accuracy": 0.609375, "_timestamp": 1708274243.4267676, "_runtime": 9.691314697265625, "_step": 4, "_wandb": {"runtime": 8}}