{"accuracy": 0.559001225490196, "_timestamp": 1708349271.0792515, "_runtime": 13.708275556564331, "_step": 0, "_wandb": {"runtime": 11}}