{"accuracy": 0.5965226715686274, "_timestamp": 1708696371.612448, "_runtime": 21.247188091278076, "_step": 0, "_wandb": {"runtime": 19}}