{"accuracy": 0.5652787990196078, "_timestamp": 1708510668.0121605, "_runtime": 8.126619577407837, "_step": 0, "_wandb": {"runtime": 6}}