{"accuracy": 0.5918075980392157, "_timestamp": 1708275771.3827615, "_runtime": 21.492432594299316, "_step": 0, "_wandb": {"runtime": 18}}