{"accuracy": 0.6114001225490197, "_timestamp": 1708511706.4586618, "_runtime": 13.101784706115723, "_step": 0, "_wandb": {"runtime": 11}}