{"accuracy": 0.7638449754901961, "_timestamp": 1708535909.6265323, "_runtime": 681.946295261383, "_step": 0, "_wandb": {"runtime": 680}}