{"accuracy": 0.5933762254901961, "_timestamp": 1708349576.9690757, "_runtime": 38.796541690826416, "_step": 0, "_wandb": {"runtime": 37}}