{"accuracy": 0.559001225490196, "_timestamp": 1708349253.1880577, "_runtime": 13.202855587005615, "_step": 0, "_wandb": {"runtime": 11}}