{"accuracy": 0.7638449754901961, "_timestamp": 1708536595.8705707, "_runtime": 680.7637946605682, "_step": 0, "_wandb": {"runtime": 679}}