{"accuracy": 0.7622794117647059, "_timestamp": 1708711346.8121881, "_runtime": 507.047550201416, "_step": 0, "_wandb": {"runtime": 502}}