{"accuracy": 0.7568075980392157, "_timestamp": 1708717519.3610091, "_runtime": 1502.3757951259613, "_step": 0, "_wandb": {"runtime": 1498}}