{"accuracy": 0.5550827205882353, "_timestamp": 1708313965.9639707, "_runtime": 27.487428665161133, "_step": 0, "_wandb": {"runtime": 25}}