{"accuracy": 0.7341390931372549, "_timestamp": 1708523903.4168582, "_runtime": 1069.6909861564636, "_step": 0, "_wandb": {"runtime": 1068}}