{"accuracy": 0.5965226715686274, "_timestamp": 1708349363.2255151, "_runtime": 27.221553087234497, "_step": 0, "_wandb": {"runtime": 25}}