{"accuracy": 0.5863357843137255, "_timestamp": 1708316260.9224718, "_runtime": 28.309088706970215, "_step": 0, "_wandb": {"runtime": 26}}