{"accuracy": 0.5918075980392157, "_timestamp": 1708312555.3734605, "_runtime": 29.98156762123108, "_step": 0, "_wandb": {"runtime": 28}}