{"accuracy": 0.559001225490196, "_timestamp": 1708315870.2415423, "_runtime": 8.981409311294556, "_step": 0, "_wandb": {"runtime": 38}}