{"accuracy": 0.7396047794117647, "_timestamp": 1708355166.6473105, "_runtime": 124.09348058700562, "_step": 0, "_wandb": {"runtime": 122}}