{"accuracy": 0.7599325980392158, "_timestamp": 1708559358.6509743, "_runtime": 1810.7144412994385, "_step": 0, "_wandb": {"runtime": 1809}}