{"accuracy": 0.7388235294117648, "_timestamp": 1708355302.9526167, "_runtime": 132.82177066802979, "_step": 0, "_wandb": {"runtime": 131}}