{"accuracy": 0.7443167892156863, "_timestamp": 1708513124.411733, "_runtime": 26.57594895362854, "_step": 0, "_wandb": {"runtime": 23}}