{"accuracy": 0.7630637254901961, "_timestamp": 1708539358.6773388, "_runtime": 681.2001309394836, "_step": 0, "_wandb": {"runtime": 679}}