{"accuracy": 0.559001225490196, "_timestamp": 1708350374.3101108, "_runtime": 8.471122741699219, "_step": 0, "_wandb": {"runtime": 7}}