{"accuracy": 0.7286825980392158, "_timestamp": 1708513674.7543466, "_runtime": 53.90582466125488, "_step": 0, "_wandb": {"runtime": 52}}