{"accuracy": 0.5550827205882353, "_timestamp": 1708314062.3029335, "_runtime": 28.13631844520569, "_step": 0, "_wandb": {"runtime": 25}}