{"accuracy": 0.6801930147058823, "_timestamp": 1708351624.0654366, "_runtime": 49.06781768798828, "_step": 0, "_wandb": {"runtime": 47}}