{"accuracy": 0.7536825980392157, "_timestamp": 1708723300.1465914, "_runtime": 1338.9678723812103, "_step": 0, "_wandb": {"runtime": 1335}}