{"accuracy": 0.625, "_timestamp": 1708274842.095342, "_runtime": 29.192008018493652, "_step": 4, "_wandb": {"runtime": 27}}