{"accuracy": 0.7020802696078431, "_timestamp": 1708513006.5269735, "_runtime": 20.621199369430542, "_step": 0, "_wandb": {"runtime": 18}}