{"accuracy": 0.7474325980392157, "_timestamp": 1708551307.9851532, "_runtime": 963.1730163097382, "_step": 0, "_wandb": {"runtime": 961}}