{"accuracy": 0.59765625, "_timestamp": 1708274613.2227194, "_runtime": 26.845152378082275, "_step": 4, "_wandb": {"runtime": 25}}