{"accuracy": 0.5824479166666666, "_timestamp": 1708333475.3497915, "_runtime": 19.8568115234375, "_step": 0, "_wandb": {"runtime": 18}}