{"accuracy": 0.5824479166666666, "_timestamp": 1708341206.8652747, "_runtime": 3579.6277005672455, "_step": 0, "_wandb": {"runtime": 3577}}