{"accuracy": 0.584767156862745, "_timestamp": 1708312694.0872636, "_runtime": 41.95808959007263, "_step": 0, "_wandb": {"runtime": 39}}