{"accuracy": 0.559001225490196, "_timestamp": 1708276041.3804731, "_runtime": 8.953473091125488, "_step": 0, "_wandb": {"runtime": 7}}