{"accuracy": 0.5957199754901961, "_timestamp": 1708344588.1355019, "_runtime": 1884.1295008659363, "_step": 0, "_wandb": {"runtime": 1882}}