{"accuracy": 0.5949571078431373, "_timestamp": 1708333010.7282746, "_runtime": 21.044633626937866, "_step": 0, "_wandb": {"runtime": 17}}