{"accuracy": 0.5933731617647059, "_timestamp": 1708316174.6496446, "_runtime": 24.70150351524353, "_step": 0, "_wandb": {"runtime": 23}}