{"accuracy": 0.64453125, "_timestamp": 1708274081.163438, "_runtime": 29.51389718055725, "_step": 4, "_wandb": {"runtime": 27}}