{"accuracy": 0.5933762254901961, "_timestamp": 1708275671.116695, "_runtime": 27.323407888412476, "_step": 0, "_wandb": {"runtime": 25}}