{"accuracy": 0.5910263480392157, "_timestamp": 1708318143.3194919, "_runtime": 91.89682197570801, "_step": 0, "_wandb": {"runtime": 89}}