{"accuracy": 0.6231219362745098, "_timestamp": 1708697484.6754084, "_runtime": 307.35360527038574, "_step": 0, "_wandb": {"runtime": 305}}