{"accuracy": 0.7341452205882353, "_timestamp": 1708553479.9580002, "_runtime": 1171.5992062091827, "_step": 0, "_wandb": {"runtime": 1169}}