{"accuracy": 0.584767156862745, "_timestamp": 1708316828.143879, "_runtime": 30.907245874404907, "_step": 0, "_wandb": {"runtime": 29}}