{"accuracy": 0.7192922794117648, "_timestamp": 1708521867.6014493, "_runtime": 871.2778923511505, "_step": 0, "_wandb": {"runtime": 869}}