{"accuracy": 0.5964920343137254, "_timestamp": 1708319265.6996996, "_runtime": 50.70276975631714, "_step": 0, "_wandb": {"runtime": 48}}