{"accuracy": 0.7638449754901961, "_timestamp": 1708531073.9916744, "_runtime": 725.5445954799652, "_step": 0, "_wandb": {"runtime": 723}}