{"accuracy": 0.7638449754901961, "_timestamp": 1708538669.4215662, "_runtime": 683.3717832565308, "_step": 0, "_wandb": {"runtime": 681}}