{"accuracy": 0.559001225490196, "_timestamp": 1708313518.489582, "_runtime": 9.538563013076782, "_step": 0, "_wandb": {"runtime": 7}}