{"accuracy": 0.5965226715686274, "_timestamp": 1708332985.583838, "_runtime": 19.49000906944275, "_step": 0, "_wandb": {"runtime": 17}}