{"accuracy": 0.7411917892156863, "_timestamp": 1708513565.609984, "_runtime": 43.06303882598877, "_step": 0, "_wandb": {"runtime": 41}}