{"accuracy": 0.5706954656862745, "_timestamp": 1708349332.0598855, "_runtime": 15.121488571166992, "_step": 0, "_wandb": {"runtime": 13}}