{"accuracy": 0.7630606617647059, "_timestamp": 1708542167.2085388, "_runtime": 704.6210227012634, "_step": 0, "_wandb": {"runtime": 703}}