{"accuracy": 0.5863357843137255, "_timestamp": 1708313269.5544477, "_runtime": 31.94237470626831, "_step": 0, "_wandb": {"runtime": 30}}