{"accuracy": 0.7333455882352942, "_timestamp": 1708696739.9477484, "_runtime": 25.94546341896057, "_step": 0, "_wandb": {"runtime": 24}}