{"accuracy": 0.5824479166666666, "_timestamp": 1708336592.891143, "_runtime": 18.542280197143555, "_step": 0, "_wandb": {"runtime": 16}}