{"accuracy": 0.559001225490196, "_timestamp": 1708332872.59259, "_runtime": 8.994248151779175, "_step": 0, "_wandb": {"runtime": 7}}