{"accuracy": 0.7622794117647059, "_timestamp": 1708707792.9676282, "_runtime": 499.8025703430176, "_step": 0, "_wandb": {"runtime": 495}}