{"accuracy": 0.559001225490196, "_timestamp": 1708313819.561667, "_runtime": 9.116848945617676, "_step": 0, "_wandb": {"runtime": 7}}