{"accuracy": 0.5542892156862745, "_timestamp": 1708333103.0708456, "_runtime": 26.514283657073975, "_step": 0, "_wandb": {"runtime": 24}}