{"accuracy": 0.559001225490196, "_timestamp": 1708313026.5209131, "_runtime": 8.683565139770508, "_step": 0, "_wandb": {"runtime": 7}}