{"accuracy": 0.5933762254901961, "_timestamp": 1708312357.7987378, "_runtime": 43.295289754867554, "_step": 0, "_wandb": {"runtime": 41}}