{"accuracy": 0.5918321078431372, "_timestamp": 1708506485.120682, "_runtime": 7.806798934936523, "_step": 0, "_wandb": {"runtime": 6}}