{"accuracy": 0.5965226715686274, "_timestamp": 1708349392.0205424, "_runtime": 25.409456491470337, "_step": 0, "_wandb": {"runtime": 23}}