{"accuracy": 0.7388235294117648, "_timestamp": 1708703901.4586294, "_runtime": 912.3177683353424, "_step": 0, "_wandb": {"runtime": 910}}