{"accuracy": 0.584767156862745, "_timestamp": 1708316482.1764698, "_runtime": 28.19811487197876, "_step": 0, "_wandb": {"runtime": 26}}