{"accuracy": 0.7474234068627451, "_timestamp": 1708721953.4803371, "_runtime": 1287.4744701385498, "_step": 0, "_wandb": {"runtime": 1283}}