{"accuracy": 0.5824479166666666, "_timestamp": 1708336635.7006726, "_runtime": 38.90380358695984, "_step": 0, "_wandb": {"runtime": 37}}