{"accuracy": 0.5910263480392157, "_timestamp": 1708317399.853297, "_runtime": 45.642340898513794, "_step": 0, "_wandb": {"runtime": 43}}