{"accuracy": 0.6434436274509804, "_timestamp": 1708516101.049254, "_runtime": 643.1308310031891, "_step": 0, "_wandb": {"runtime": 641}}