{"accuracy": 0.5933762254901961, "_timestamp": 1708313339.9564471, "_runtime": 32.855804204940796, "_step": 0, "_wandb": {"runtime": 27}}