{"accuracy": 0.5824479166666666, "_timestamp": 1708336683.3717468, "_runtime": 43.937981843948364, "_step": 0, "_wandb": {"runtime": 42}}