{"accuracy": 0.584767156862745, "_timestamp": 1708317018.2938871, "_runtime": 27.997228145599365, "_step": 0, "_wandb": {"runtime": 25}}