{"accuracy": 0.5738265931372549, "_timestamp": 1708350591.1097653, "_runtime": 26.51995539665222, "_step": 0, "_wandb": {"runtime": 24}}