{"accuracy": 0.5754105392156863, "_timestamp": 1708512787.1496038, "_runtime": 8.145735740661621, "_step": 0, "_wandb": {"runtime": 6}}