{"accuracy": 0.7278768382352941, "_timestamp": 1708517578.1114175, "_runtime": 767.7570095062256, "_step": 0, "_wandb": {"runtime": 766}}