{"accuracy": 0.5910263480392157, "_timestamp": 1708317942.6951218, "_runtime": 52.272748708724976, "_step": 0, "_wandb": {"runtime": 50}}