{"accuracy": 0.6484375, "_timestamp": 1708274378.314225, "_runtime": 29.72040104866028, "_step": 4, "_wandb": {"runtime": 27}}