{"accuracy": 0.5706954656862745, "_timestamp": 1708350421.3071587, "_runtime": 12.402896642684937, "_step": 0, "_wandb": {"runtime": 10}}