{"accuracy": 0.5824479166666666, "_timestamp": 1708336779.0886, "_runtime": 91.9560649394989, "_step": 0, "_wandb": {"runtime": 90}}