{"accuracy": 0.7638449754901961, "_timestamp": 1708537283.4771152, "_runtime": 681.8309991359711, "_step": 0, "_wandb": {"runtime": 679}}