{"accuracy": 0.7090992647058824, "_timestamp": 1708699202.6941824, "_runtime": 636.1277413368225, "_step": 0, "_wandb": {"runtime": 634}}