{"accuracy": 0.5625, "_timestamp": 1708274951.0899575, "_runtime": 45.00750136375427, "_step": 14, "mean_accuracy": 0.5933731617647059, "min_samples": 2, "max_depth": 6}