{"accuracy": 0.757594975490196, "_timestamp": 1708519506.8398771, "_runtime": 672.3053112030029, "_step": 0, "_wandb": {"runtime": 670}}