{"accuracy": 0.7622794117647059, "_timestamp": 1708710323.5728228, "_runtime": 498.3191637992859, "_step": 0, "_wandb": {"runtime": 494}}