{"accuracy": 0.7278860294117647, "_timestamp": 1708513743.8570786, "_runtime": 59.966193437576294, "_step": 0, "_wandb": {"runtime": 58}}