{"accuracy": 0.5965226715686274, "_timestamp": 1708350506.556341, "_runtime": 20.187355041503906, "_step": 0, "_wandb": {"runtime": 18}}