{"accuracy": 0.6066421568627451, "_timestamp": 1708508805.1098156, "_runtime": 9.5616295337677, "_step": 0, "_wandb": {"runtime": 7}}