{"accuracy": 0.585579044117647, "_timestamp": 1708511156.674288, "_runtime": 9.859657049179077, "_step": 0, "_wandb": {"runtime": 9}}