{"accuracy": 0.5550827205882353, "_timestamp": 1708316756.4794233, "_runtime": 31.083128213882446, "_step": 0, "_wandb": {"runtime": 28}}