{"accuracy": 0.5933762254901961, "_timestamp": 1708312498.6038558, "_runtime": 45.59036087989807, "_step": 0, "_wandb": {"runtime": 44}}