{"accuracy": 0.5964920343137254, "_timestamp": 1708319158.7972848, "_runtime": 20.439862728118896, "_step": 0, "_wandb": {"runtime": 19}}