{"accuracy": 0.5824479166666666, "_timestamp": 1708337623.4411602, "_runtime": 840.2622151374817, "_step": 0, "_wandb": {"runtime": 838}}