{"accuracy": 0.584813112745098, "_timestamp": 1708511650.7090046, "_runtime": 15.539283752441406, "_step": 0, "_wandb": {"runtime": 8}}