{"accuracy": 0.5933762254901961, "_timestamp": 1708350655.182076, "_runtime": 30.08415198326111, "_step": 0, "_wandb": {"runtime": 28}}