{"accuracy": 0.559001225490196, "_timestamp": 1708315915.5417824, "_runtime": 8.953904390335083, "_step": 0, "_wandb": {"runtime": 7}}