{"accuracy": 0.7560263480392158, "_timestamp": 1708526604.4977148, "_runtime": 1519.9972927570343, "_step": 0, "_wandb": {"runtime": 1518}}