{"accuracy": 0.7638449754901961, "_timestamp": 1708532477.0132518, "_runtime": 692.0440378189087, "_step": 0, "_wandb": {"runtime": 690}}