{"accuracy": 0.559001225490196, "_timestamp": 1708312058.614649, "_runtime": 15.01484203338623, "_step": 0, "_wandb": {"runtime": 14}}