{"accuracy": 0.6012346813725491, "_timestamp": 1708511724.567106, "_runtime": 14.478081941604614, "_step": 0, "_wandb": {"runtime": 12}}