{"accuracy": 0.7622794117647059, "_timestamp": 1708541457.1806982, "_runtime": 702.1877491474152, "_step": 0, "_wandb": {"runtime": 700}}