{"accuracy": 0.5957199754901961, "_timestamp": 1708342700.1964347, "_runtime": 843.8905007839203, "_step": 0, "_wandb": {"runtime": 842}}