{"accuracy": 0.6942310049019608, "_timestamp": 1708696709.0816815, "_runtime": 17.28520941734314, "_step": 0, "_wandb": {"runtime": 14}}