{"accuracy": 0.5957199754901961, "_timestamp": 1708347872.9926693, "_runtime": 2093.881689310074, "_step": 0, "_wandb": {"runtime": 2092}}