{"accuracy": 0.5902604166666666, "_timestamp": 1708510798.780353, "_runtime": 6.978747129440308, "_step": 0, "_wandb": {"runtime": 5}}