{"accuracy": 0.5933762254901961, "_timestamp": 1708316892.4681442, "_runtime": 28.809107065200806, "_step": 0, "_wandb": {"runtime": 26}}