{"accuracy": 0.7552481617647059, "_timestamp": 1708700804.2326844, "_runtime": 527.1299414634705, "_step": 0, "_wandb": {"runtime": 525}}