{"accuracy": 0.5933762254901961, "_timestamp": 1708696298.0307581, "_runtime": 29.179542064666748, "_step": 0, "_wandb": {"runtime": 27}}