{"accuracy": 0.7630637254901961, "_timestamp": 1708546467.5489914, "_runtime": 710.1795723438263, "_step": 0, "_wandb": {"runtime": 708}}