{"accuracy": 0.625, "_timestamp": 1708274676.7388859, "_runtime": 27.95821499824524, "_step": 4, "_wandb": {"runtime": 26}}