{"accuracy": 0.5550827205882353, "_timestamp": 1708276212.4617674, "_runtime": 25.81689453125, "_step": 0, "_wandb": {"runtime": 24}}