{"accuracy": 0.5824479166666666, "_timestamp": 1708336570.1673698, "_runtime": 1924.5375618934631, "_step": 0, "_wandb": {"runtime": 1923}}