{"accuracy": 0.5965226715686274, "_timestamp": 1708696226.8500865, "_runtime": 20.624720335006714, "_step": 0, "_wandb": {"runtime": 18}}