{"accuracy": 0.5706954656862745, "_timestamp": 1708350439.7714956, "_runtime": 13.755347490310669, "_step": 0, "_wandb": {"runtime": 10}}