{"accuracy": 0.7341421568627451, "_timestamp": 1708713790.5327616, "_runtime": 949.5105776786804, "_step": 0, "_wandb": {"runtime": 945}}