{"accuracy": 0.6176531862745098, "_timestamp": 1708697964.1580043, "_runtime": 468.29970121383667, "_step": 0, "_wandb": {"runtime": 466}}