{"accuracy": 0.6484375, "_timestamp": 1708275388.7040453, "_runtime": 29.80522131919861, "_step": 5, "mean_accuracy": 0.5933762254901961, "_wandb": {"runtime": 28}}