{"accuracy": 0.750545343137255, "_timestamp": 1708700269.5930095, "_runtime": 1060.4692404270172, "_step": 0, "_wandb": {"runtime": 1059}}