{"accuracy": 0.7059803921568627, "_timestamp": 1708696798.815463, "_runtime": 16.982413053512573, "_step": 0, "_wandb": {"runtime": 15}}