{"accuracy": 0.5933762254901961, "_timestamp": 1708316986.9246578, "_runtime": 28.24791383743286, "_step": 0, "_wandb": {"runtime": 26}}