{"accuracy": 0.5933762254901961, "_timestamp": 1708275577.1185882, "_runtime": 28.075741291046143, "_step": 0, "_wandb": {"runtime": 26}}