{"accuracy": 0.7122549019607843, "_timestamp": 1708512955.7479477, "_runtime": 13.916698694229126, "_step": 0, "_wandb": {"runtime": 12}}