{"accuracy": 0.5761703431372549, "_timestamp": 1708312601.4645233, "_runtime": 41.662052392959595, "_step": 0, "_wandb": {"runtime": 39}}