{"accuracy": 0.5761703431372549, "_timestamp": 1708316292.368858, "_runtime": 28.1804141998291, "_step": 0, "_wandb": {"runtime": 26}}