{"accuracy": 0.7622794117647059, "_timestamp": 1708709301.616287, "_runtime": 489.5757529735565, "_step": 0, "_wandb": {"runtime": 485}}