{"accuracy": 0.7622794117647059, "_timestamp": 1708710832.6756313, "_runtime": 500.6442952156067, "_step": 0, "_wandb": {"runtime": 496}}