{"accuracy": 0.6934895833333333, "_timestamp": 1708512980.9755569, "_runtime": 17.299041748046875, "_step": 0, "_wandb": {"runtime": 15}}