{"accuracy": 0.5933731617647059, "_timestamp": 1708312100.6486008, "_runtime": 37.77249193191528, "_step": 0, "_wandb": {"runtime": 36}}