{"accuracy": 0.5839920343137255, "_timestamp": 1708696263.391839, "_runtime": 28.35094404220581, "_step": 0, "_wandb": {"runtime": 26}}