{"accuracy": 0.7247518382352942, "_timestamp": 1708702983.4241223, "_runtime": 884.4433672428131, "_step": 0, "_wandb": {"runtime": 882}}