{"accuracy": 0.7638449754901961, "_timestamp": 1708528078.2168283, "_runtime": 743.2842874526978, "_step": 0, "_wandb": {"runtime": 741}}