{"accuracy": 0.7638449754901961, "_timestamp": 1708527328.4984307, "_runtime": 718.0144658088684, "_step": 0, "_wandb": {"runtime": 716}}