{"accuracy": 0.584767156862745, "_timestamp": 1708313641.42257, "_runtime": 27.6893949508667, "_step": 0, "_wandb": {"runtime": 26}}