{"accuracy": 0.5933731617647059, "_timestamp": 1708275482.3562095, "_runtime": 22.463388442993164, "_step": 0, "_wandb": {"runtime": 20}}