{"accuracy": 0.625, "_timestamp": 1708274776.0562541, "_runtime": 28.726935148239136, "_step": 4, "_wandb": {"runtime": 27}}