{"accuracy": 0.7622794117647059, "_timestamp": 1708707285.308778, "_runtime": 500.02205300331116, "_step": 0, "_wandb": {"runtime": 496}}