{"accuracy": 0.7419577205882353, "_timestamp": 1708556136.471616, "_runtime": 1347.9760329723358, "_step": 0, "_wandb": {"runtime": 1346}}