{"accuracy": 0.7388327205882353, "_timestamp": 1708520226.6631293, "_runtime": 713.7922873497009, "_step": 0, "_wandb": {"runtime": 712}}