{"accuracy": 0.7638449754901961, "_timestamp": 1708533846.8890204, "_runtime": 679.5979633331299, "_step": 0, "_wandb": {"runtime": 677}}