{"accuracy": 0.7450827205882353, "_timestamp": 1708525078.4482195, "_runtime": 1163.1574285030365, "_step": 0, "_wandb": {"runtime": 1161}}