{"accuracy": 0.5910263480392157, "_timestamp": 1708317604.7422922, "_runtime": 93.85239315032959, "_step": 0, "_wandb": {"runtime": 91}}