{"accuracy": 0.584767156862745, "_timestamp": 1708313774.5095413, "_runtime": 28.22770118713379, "_step": 0, "_wandb": {"runtime": 26}}