{"accuracy": 0.5933762254901961, "_timestamp": 1708316551.543074, "_runtime": 35.10004377365112, "_step": 0, "_wandb": {"runtime": 33}}