{"accuracy": 0.5910263480392157, "_timestamp": 1708317886.2872458, "_runtime": 43.86097168922424, "_step": 0, "_wandb": {"runtime": 42}}