{"accuracy": 0.5386764705882353, "_timestamp": 1708511631.5271618, "_runtime": 10.069726943969727, "_step": 0, "_wandb": {"runtime": 9}}