{"accuracy": 0.5957199754901961, "_timestamp": 1708341698.1404903, "_runtime": 44.58381533622742, "_step": 0, "_wandb": {"runtime": 38}}