{"accuracy": 0.7427420343137255, "_timestamp": 1708712833.4241204, "_runtime": 743.8762655258179, "_step": 0, "_wandb": {"runtime": 740}}