{"accuracy": 0.6402787990196078, "_timestamp": 1708696686.7157743, "_runtime": 14.09611439704895, "_step": 0, "_wandb": {"runtime": 12}}