{"accuracy": 0.7121997549019607, "_timestamp": 1708351737.043374, "_runtime": 109.2043571472168, "_step": 0, "_wandb": {"runtime": 107}}