{"accuracy": 0.5949571078431373, "_timestamp": 1708350530.2707462, "_runtime": 20.167293310165405, "_step": 0, "_wandb": {"runtime": 18}}