{"accuracy": 0.7630606617647059, "_timestamp": 1708547920.4207835, "_runtime": 721.1767115592957, "_step": 0, "_wandb": {"runtime": 719}}