{"accuracy": 0.5738265931372549, "_timestamp": 1708349497.517302, "_runtime": 32.675029039382935, "_step": 0, "_wandb": {"runtime": 30}}