{"accuracy": 0.559001225490196, "_timestamp": 1708275746.337593, "_runtime": 8.866047143936157, "_step": 0, "_wandb": {"runtime": 7}}