{"accuracy": 0.5550827205882353, "_timestamp": 1708316512.5446353, "_runtime": 26.87294840812683, "_step": 0, "_wandb": {"runtime": 25}}