{"accuracy": 0.6731004901960784, "_timestamp": 1708351570.9795148, "_runtime": 43.47369194030762, "_step": 0, "_wandb": {"runtime": 41}}