{"accuracy": 0.7255361519607844, "_timestamp": 1708696776.9748428, "_runtime": 12.39280080795288, "_step": 0, "_wandb": {"runtime": 10}}