{"accuracy": 0.5910263480392157, "_timestamp": 1708317810.8488433, "_runtime": 202.70414543151855, "_step": 0, "_wandb": {"runtime": 201}}