{"accuracy": 0.584767156862745, "_timestamp": 1708312851.8426313, "_runtime": 30.87777829170227, "_step": 0, "_wandb": {"runtime": 28}}