{"accuracy": 0.7536856617647059, "_timestamp": 1708513468.193619, "_runtime": 68.53199601173401, "_step": 0, "_wandb": {"runtime": 66}}