{"accuracy": 0.7153860294117648, "_timestamp": 1708702089.8183992, "_runtime": 725.6808171272278, "_step": 0, "_wandb": {"runtime": 723}}