{"accuracy": 0.5839920343137255, "_timestamp": 1708333041.5402749, "_runtime": 26.714735746383667, "_step": 0, "_wandb": {"runtime": 24}}